,0
"
GANADARA (Feat. 아이유)
","
박재범
"
"
듣고 싶을까
","
MSG워너비(M.O.M)
"
"
사랑인가 봐
","
SECRET NUMBER (시크릿넘버)
"
"
INVU
","
태연 (TAEYEON)
"
"
RUN2U
","
STAYC(스테이씨)
"
"
꽃 (With 김민석 of 멜로망스)
","
박봄 (Park Bom)
"
"
존재만으로
","
원슈타인
"
"
손을 잡는다거나, 같이 걷는다거나
","
적재
"
"
Starlight
","
태일 (TAEIL)
"
"
어제처럼
","
폴킴(Paul Kim)
"
"
아주, 천천히
","
비비(BIBI)
"
"
SMILEY (Feat. BIBI)
","
YENA (최예나)
"
"
With
","

김태리(Kim Tae Ri)


김태리(Kim Tae Ri)
 "
"
Next Level
","
aespa
"
"
abcdefu
","
GAYLE
"
"
니가 내리는 날에
","
존 박
"
"
취중고백
","
김민석 (멜로망스)
"
"
ELEVEN
","
IVE (아이브)
"
"
사랑은 늘 도망가
","
임영웅
"
"
Savage
","
aespa
"
"
못된 송아지 엉덩이에 뿔 (CRAZY NIGHT)
","
DONGKIZ
"
"
드라마
","
아이유(IU)
"
"
Step Back
","
GOT the beat
"
"
사랑인걸
","
한동근
"
"
Stronger (What Doesn't Kill You)
","
Kelly Clarkson(켈리 클락슨)
"
"
Stardust love song
","
지효 (TWICE)
"
"
O.O
","
NMIXX
"
"
Can't Control Myself
","
태연 (TAEYEON)
"
"
너머 (The Other Side)
","

백예린 (Yerin Baek)


백예린 (Yerin Baek)
 "
"
strawberry moon
","
아이유(IU)
"
"
Go!
","
도겸 (SEVENTEEN)
"
"
신호등
","
이무진
"
"
우리가 헤어져야 했던 이유
","
비비(BIBI)
"
"
언제나 사랑해
","
케이시
"
"
Weekend
","
태연 (TAEYEON)
"
"
Dreams Come True
","
aespa
"
"
회전목마 (Feat. Zion.T, 원슈타인) (Prod. Slom)
","
sokodomo
"
"
STAY
","

The Kid LAROI


The Kid LAROI
 "
"
그런 밤 (Some Nights)
","
태연 (TAEYEON)
"
"
비가 오는 날엔 (2021)
","
헤이즈(Heize)
"
"
다정히 내 이름을 부르면
","

경서예지


경서예지
 "
"
다라리 (DARARI)
","
TREASURE(트레저)
"
"
Lovesick Girls
","
BLACKPINK
"
"
서랍
","
10CM
"
"
DM
","
프로미스나인
"
"
Promise You
","
규현 (KYUHYUN)
"
"
Butter
","
방탄소년단
"
"
Light Switch
","
Charlie Puth(찰리 푸스)
"
"
중독된 사랑
","
윤도(YoonDo)
"
"
Dynamite
","
방탄소년단
"
"
그래서 그래 (Feat. 윤하)
","
에픽하이 (EPIK HIGH)
"
"
노래 (The Song)
","
비투비
"
"
색안경 (STEREOTYPE)
","
STAYC(스테이씨)
"
"
Christmas Tree
","
V
"
"
리무진 (Feat. MINO) (Prod. GRAY)
","
BE'O (비오)
"
"
PS5
","

salem ilese


salem ilese
 "
"
A LOT
","
John K
"
"
How You Like That
","
BLACKPINK
"
"
BOP BOP!
","
VIVIZ (비비지)
"
"
어른아이 (Toddler)
","
태연 (TAEYEON)
"
"
사르르쿵
","
CHEEZE(치즈)
"
"
마지막처럼
","
BLACKPINK
"
"
Bones
","
Imagine Dragons(이매진 드래곤스)
"
"
바라만 본다
","
MSG워너비(M.O.M)
"
"
스윗해
","
이무진
"
"
눈이 오잖아(Feat.헤이즈)
","
이무진
"
"
불장난
","
BLACKPINK
"
"
새벽을 믿지 말자
","

개코


개코
 "
"
좋은 사람 있으면 소개시켜줘
","
조이 (JOY)
"
"
만남은 쉽고 이별은 어려워 (Feat. Leellamarz) (Prod. TOIL)
","
베이식(Basick)
"
"
Permission to Dance
","
방탄소년단
"
"
ex i never had
","
LANY(레이니)
"
"
Celebrity
","
아이유(IU)
"
"
내 생에 아름다운
","
이예준
"
"
LAst dAy oN EaRTh
","
Tai Verdes
"
"
겨울잠
","
아이유(IU)
"
"
너를 생각해
","
주시크 (Joosiq)
"
"
Counting Stars (Feat. Beenzino)
","
BE'O (비오)
"
"
라일락
","
아이유(IU)
"
"
하루의 끝에
","
김동현
"
"
사랑을 했다 (LOVE SCENARIO)
","
iKON
"
"
너, 너 (N번째 연애 X 휘인 (Whee In))
","
휘인(Whee In)
"
"
Blueming
","
아이유(IU)
"
"
휘파람
","
BLACKPINK
"
"
When I´m Still Getting Over You (feat. Paige)
","
Peder Elias
"
"
다시 만난 세계 (Into The New World)
","
소녀시대 (GIRLS' GENERATION)
"
"
도베르만
","
하현우(국카스텐)
"
"
문득
","
BE'O (비오)
"
"
붐바야
","
BLACKPINK
"
"
겁쟁이
","
버즈
"
"
여름비
","
샘김(Sam Kim)
"
"
ESPER
","
권은비
"
"
Hush Hush (Feat. MIYAVI) (Korean Ver.)
","
강다니엘(KANG DANIEL)
"
"
이별하러 가는 길
","
임한별
"
"
한 발짝 두 발짝
","
오마이걸(OH MY GIRL)
"
"
호랑수월가
","
탑현
"
"
LUPIN
","
DONGKIZ
"
"
PEP (Feat. 정상수) (Prod. Padi)
","

보이비


보이비
 "
"
나를 사랑했던 사람아
","
허각
"
